{"A": [[-0.0757122472799855, 0.08612254450091193], [0.04323464178283204, 0.06668751537612294], [-0.009979830164615367, -0.04971177616366787], [0.0248718885628844, 0.01977582614567075], [-0.00044538793844692975, 0.026953183628375694]], "mean": [0.8596851996424036, -0.42156938570869423, 0.06131104705923001, 0.4670121194271205, 0.5106683462171661], "std": [0.1961111536959341, 0.4147140980247489, 0.8040724541637645, 0.13417557970184185, 0.1188900000682748]}
