{"A": [[-0.020298969011964187, 0.09463972621186821], [-0.17127569614020424, -0.06709545022591903], [-0.16020937137013258, 0.19817753940341315], [0.04999788103356024, 0.04193449784404668], [-0.00359844230520924, -0.02331997569246901]], "mean": [0.8048038968928473, -0.44786274258159986, 0.1807320759444049, 0.5426708042171788, 0.6146620964454051], "std": [0.23958763805509187, 0.4233917760786159, 0.7096510132801566, 0.11066837686890227, 0.1272964112856092]}