{"A": [[0.22089964090787312, -0.0837220842724514], [0.014492103912813359, -0.1863045840017369], [-0.1338378461757442, 0.15179837870008633], [0.0036546093318451864, -0.01836875127539645], [-0.010377772178184932, 0.05471671751129113]], "mean": [0.788641747173831, -0.39354931801626825, 0.01978623978231616, 0.4532439017685311, 0.5965149079175157], "std": [0.2262119300475543, 0.5322341877625669, 0.702230244760778, 0.09491194776370998, 0.1999736950303873]}